{
  "lightgbm": {
    "accuracy": 0.8071915977484985,
    "roc_auc": 0.8937605992249125,
    "log_loss": 0.4155330371164351
  },
  "lightgbm_feature_importance": {
    "minute_in_hour": 658.0,
    "ret_5m": 32.0,
    "ret_15m": 89.0,
    "ret_30m": 120.0,
    "ret_1h": 197.0,
    "ret_2h": 177.0,
    "ret_3h": 204.0,
    "price_deviation_from_open": 471.0,
    "relative_price_position": 701.0,
    "vol_share_in_hour": 0.0,
    "em5_ratio": 10.0,
    "em10_ratio": 2.0,
    "em20_ratio": 7.0,
    "em30_ratio": 2.0,
    "ema5_ema10_ratio": 5.0,
    "ema5_ema20_ratio": 5.0,
    "ema5_ema30_ratio": 1.0,
    "ema10_ema20_ratio": 4.0,
    "ema10_ema30_ratio": 4.0,
    "ema20_ema30_ratio": 11.0,
    "rsi_5": 60.0,
    "rsi_10": 38.0,
    "rsi_20": 49.0,
    "rsi_30": 153.0
  },
  "xgboost": {
    "accuracy": 0.8264834439168579,
    "roc_auc": 0.913113313027332,
    "log_loss": 0.370741997198639
  },
  "xgboost_feature_importance": {
    "minute_in_hour": 0.14066891372203827,
    "ret_5m": 0.01637803390622139,
    "ret_15m": 0.01908024773001671,
    "ret_30m": 0.03170327469706535,
    "ret_1h": 0.0579700842499733,
    "ret_2h": 0.1614692211151123,
    "ret_3h": 0.08086805045604706,
    "price_deviation_from_open": 0.07079967111349106,
    "relative_price_position": 0.06579036265611649,
    "vol_share_in_hour": 0.0,
    "em5_ratio": 0.01713196374475956,
    "em10_ratio": 0.0168441254645586,
    "em20_ratio": 0.01884143240749836,
    "em30_ratio": 0.018526848405599594,
    "ema5_ema10_ratio": 0.01408679410815239,
    "ema5_ema20_ratio": 0.015532003715634346,
    "ema5_ema30_ratio": 0.013175596483051777,
    "ema10_ema20_ratio": 0.015025611035525799,
    "ema10_ema30_ratio": 0.013730496168136597,
    "ema20_ema30_ratio": 0.016557320952415466,
    "rsi_5": 0.023994246497750282,
    "rsi_10": 0.018678249791264534,
    "rsi_20": 0.02160615846514702,
    "rsi_30": 0.13154132664203644
  }
}